Category,Status,Percent Done,Finish Budget Low,Finish Budget High,Current Value Contribution,Finished Value Contribution,Revenue / ROI Logic,Notes
Royalty recovery and claims,Working product lane / proof gate needed,68,125000,250000,2500000,6000000,"Catalog intake, evidence packaging, split cleanup, claims prep, recovery admin fees","Needs legal review and verified payout case studies before investor-grade claims"
Audio fingerprinting and tracking,Prototype / integration gate,55,175000,350000,1500000,5500000,"Fingerprint matching, social/video monitoring, duplicate detection, reports","Needs production validation, data licensing review, and false-positive testing"
Banking payouts and split ledger,Design and UI lane / compliance gate,45,200000,450000,1200000,4500000,"Split sheets, payment queue, payout status, audit export, KYC/banking connectors","Do not turn on real money without legal, bank, tax, and KYC approval"
Super GOAT royalties app,Demoable / needs backend hardening,70,150000,300000,2500000,7000000,"Creator subscription, catalog tools, reports, admin dashboard, recovery workflow","Needs no-demo-data cleanup and production DB/API pass"
Living EPK / marketing engine,Working / needs media polish and SaaS builder,72,100000,225000,1500000,4500000,"Client EPK packages, investor pages, video/audio press kits, campaign exports","Add per-client templates, share links, analytics, and export locks"
SSL 128 XL studio console,Working UI / audio routing gate,62,175000,375000,1800000,6500000,"Studio OS subscription, training, remote mix prep, school installs","Needs track import, waveform lanes, real routing tests, and layout editor"
GOAT Cinema Forge / 3D movie studio,Concept plus app surface / production build needed,50,250000,550000,1800000,8000000,"Video, 3D, storyboard, render, client media packages, tool orchestration","Needs original asset pipeline, render queue, storage map, and rights-safe templates"
GOAT Casino / VIP game lane,UI shell / regulated gate,38,250000,750000,900000,5500000,"Fun-play engagement, VIP events, regulated future only after approval","Keep real-money locked until gaming/legal/compliance approval"
Halito Chat / HELLO email / mobile field server,Needs server deployment and phone tests,48,125000,325000,1000000,4000000,"Offline/field comms, client support, mobile access, private server workflow","Needs production/staging server split and four-phone test"
53+ local LLM catalog and Agent-007,Installed model posture / orchestration hardening needed,70,250000,550000,3500000,9000000,"Local AI subscriptions, hardware installs, private model server, support contracts","Needs Thor routing, model benchmark sheet, missing model download resume"
Thor / AGX / Nano hardware deploy images,Prep lane / board validation needed,42,350000,650000,1700000,7500000,"Appliance installs, local-first AI deployments, school/studio edge nodes","Thor golden SSD possible after driver/service proof; Jetson needs exact board validation"
Security, audit, and IP evidence vault,Working documents / final audit needed,64,150000,325000,1500000,5000000,"Investor confidence, patent/IP evidence, private data controls, audit readiness","Needs final security audit, backups, credential review, deployment logs"
